"query","significant","p_value","term_size","query_size","intersection_size","precision","recall","term_id","source","term_name","effective_domain_size","source_order","parents","evidence_codes","intersection"
"query_1",TRUE,0.000183954754439456,142,27,5,0.185185185185185,0.0352112676056338,"GO:0007623","GO:BP","circadian rhythm",21935,3080,"GO:0048511","IEP,IEP,IDA IMP IEP,IEP,IEP","AT5G37260,AT3G48360,AT3G46640,AT3G54810,AT4G13930"
"query_1",TRUE,0.000183954754439456,151,27,5,0.185185185185185,0.033112582781457,"GO:0048511","GO:BP","rhythmic process",21935,12796,"GO:0008150","IEP IEA,IEP,IDA IMP IEP IEA,IEP,IEP","AT5G37260,AT3G48360,AT3G46640,AT3G54810,AT4G13930"
"query_1",TRUE,0.00754532074880568,178,27,4,0.148148148148148,0.0224719101123595,"GO:0009845","GO:BP","seed germination",21935,3717,"GO:0032501,GO:0090351","IMP,IMP,IMP,IMP","AT1G42550,AT5G37260,AT3G54810,AT2G19450"
"query_1",TRUE,0.0109262832108792,211,27,4,0.148148148148148,0.018957345971564,"GO:0090351","GO:BP","seedling development",21935,18228,"GO:0009791","IMP,IMP,IMP,IMP","AT1G42550,AT5G37260,AT3G54810,AT2G19450"
"query_1",TRUE,0.0116404369624628,17,27,2,0.0740740740740741,0.117647058823529,"GO:0009902","GO:BP","chloroplast relocation",21935,3759,"GO:0009658,GO:0019750,GO:0051667","IMP,IMP","AT1G42550,AT1G64500"
"query_1",TRUE,0.0116404369624628,17,27,2,0.0740740740740741,0.117647058823529,"GO:0051667","GO:BP","establishment of plastid localization",21935,13879,"GO:0051644,GO:0051649,GO:0051656","IMP,IMP","AT1G42550,AT1G64500"
"query_1",TRUE,0.016167148582068,22,27,2,0.0740740740740741,0.0909090909090909,"GO:0019750","GO:BP","chloroplast localization",21935,6034,"GO:0051644","IMP,IMP","AT1G42550,AT1G64500"
"query_1",TRUE,0.016167148582068,23,27,2,0.0740740740740741,0.0869565217391304,"GO:0051644","GO:BP","plastid localization",21935,13857,"GO:0051640","IMP,IMP","AT1G42550,AT1G64500"
