"source","term_id","term_name","term_size","query_size","intersection_size","p_value","precision","recall","intersection"
"GO:BP","GO:0007623","circadian rhythm",142,27,5,0.000183954754439456,0.185185185185185,0.0352112676056338,"AT5G37260,AT3G48360,AT3G46640,AT3G54810,AT4G13930"
"GO:BP","GO:0048511","rhythmic process",151,27,5,0.000183954754439456,0.185185185185185,0.033112582781457,"AT5G37260,AT3G48360,AT3G46640,AT3G54810,AT4G13930"
"GO:BP","GO:0009845","seed germination",178,27,4,0.00754532074880568,0.148148148148148,0.0224719101123595,"AT1G42550,AT5G37260,AT3G54810,AT2G19450"
"GO:BP","GO:0090351","seedling development",211,27,4,0.0109262832108792,0.148148148148148,0.018957345971564,"AT1G42550,AT5G37260,AT3G54810,AT2G19450"
"GO:BP","GO:0009902","chloroplast relocation",17,27,2,0.0116404369624628,0.0740740740740741,0.117647058823529,"AT1G42550,AT1G64500"
"GO:BP","GO:0051667","establishment of plastid localization",17,27,2,0.0116404369624628,0.0740740740740741,0.117647058823529,"AT1G42550,AT1G64500"
"GO:BP","GO:0019750","chloroplast localization",22,27,2,0.016167148582068,0.0740740740740741,0.0909090909090909,"AT1G42550,AT1G64500"
"GO:BP","GO:0051644","plastid localization",23,27,2,0.016167148582068,0.0740740740740741,0.0869565217391304,"AT1G42550,AT1G64500"
